run	basename	celltype	treatment	replicate	read1	read2
7822	1_U2OS_PMA_r1_TAAGGCGA-ATAGAGAG_S1	U2OS	PMA	R1	/DATA/usr/m.trauernicht/projects/ATAC_TF_reporter_comparison/ATAC_seq_analyses/data/human/7822_1_U2OS_PMA_r1_TAAGGCGA-ATAGAGAG_S1_R1_001.fastq.gz	/DATA/usr/m.trauernicht/projects/ATAC_TF_reporter_comparison/ATAC_seq_analyses/data/human/7822_1_U2OS_PMA_r1_TAAGGCGA-ATAGAGAG_S1_R2_001.fastq.gz
7822	2_U2OS_Heat_r1_CGTACTAG-ATAGAGAG_S2	U2OS	Heat	R1	/DATA/usr/m.trauernicht/projects/ATAC_TF_reporter_comparison/ATAC_seq_analyses/data/human/7822_2_U2OS_Heat_r1_CGTACTAG-ATAGAGAG_S2_R1_001.fastq.gz	/DATA/usr/m.trauernicht/projects/ATAC_TF_reporter_comparison/ATAC_seq_analyses/data/human/7822_2_U2OS_Heat_r1_CGTACTAG-ATAGAGAG_S2_R2_001.fastq.gz
7823	10_U2OS_DMSO_r3_TAGGCATG-TCTACTCT_S10	U2OS	DMSO	R3	/DATA/usr/m.trauernicht/projects/ATAC_TF_reporter_comparison/ATAC_seq_analyses/data/human/7823_10_U2OS_DMSO_r3_TAGGCATG-TCTACTCT_S10_R1_001.fastq.gz	/DATA/usr/m.trauernicht/projects/ATAC_TF_reporter_comparison/ATAC_seq_analyses/data/human/7823_10_U2OS_DMSO_r3_TAGGCATG-TCTACTCT_S10_R2_001.fastq.gz
7823	11_MCF7_Hex_r3_CTCTCTAC-TCTACTCT_S11	MCF7	Hexestrol	R3	/DATA/usr/m.trauernicht/projects/ATAC_TF_reporter_comparison/ATAC_seq_analyses/data/human/7823_11_MCF7_Hex_r3_CTCTCTAC-TCTACTCT_S11_R1_001.fastq.gz	/DATA/usr/m.trauernicht/projects/ATAC_TF_reporter_comparison/ATAC_seq_analyses/data/human/7823_11_MCF7_Hex_r3_CTCTCTAC-TCTACTCT_S11_R2_001.fastq.gz
7823	12_MCF7_DMSO_r3_CAGAGAGG-TCTACTCT_S12	MCF7	DMSO	R3	/DATA/usr/m.trauernicht/projects/ATAC_TF_reporter_comparison/ATAC_seq_analyses/data/human/7823_12_MCF7_DMSO_r3_CAGAGAGG-TCTACTCT_S12_R1_001.fastq.gz	/DATA/usr/m.trauernicht/projects/ATAC_TF_reporter_comparison/ATAC_seq_analyses/data/human/7823_12_MCF7_DMSO_r3_CAGAGAGG-TCTACTCT_S12_R2_001.fastq.gz
7823	1_U2OS_Calcitriol_r1_TAAGGCGA-GCGATCTA_S1	U2OS	Calcitriol	R1	/DATA/usr/m.trauernicht/projects/ATAC_TF_reporter_comparison/ATAC_seq_analyses/data/human/7823_1_U2OS_Calcitriol_r1_TAAGGCGA-GCGATCTA_S1_R1_001.fastq.gz	/DATA/usr/m.trauernicht/projects/ATAC_TF_reporter_comparison/ATAC_seq_analyses/data/human/7823_1_U2OS_Calcitriol_r1_TAAGGCGA-GCGATCTA_S1_R2_001.fastq.gz
7823	2_U2OS_Calcitriol_r2_AGGCAGAA-GCGATCTA_S2	U2OS	Calcitriol	R2	/DATA/usr/m.trauernicht/projects/ATAC_TF_reporter_comparison/ATAC_seq_analyses/data/human/7823_2_U2OS_Calcitriol_r2_AGGCAGAA-GCGATCTA_S2_R1_001.fastq.gz	/DATA/usr/m.trauernicht/projects/ATAC_TF_reporter_comparison/ATAC_seq_analyses/data/human/7823_2_U2OS_Calcitriol_r2_AGGCAGAA-GCGATCTA_S2_R2_001.fastq.gz
7823	3_U2OS_PMA_r2_TCCTGAGC-GCGATCTA_S3	U2OS	PMA	R2	/DATA/usr/m.trauernicht/projects/ATAC_TF_reporter_comparison/ATAC_seq_analyses/data/human/7823_3_U2OS_PMA_r2_TCCTGAGC-GCGATCTA_S3_R1_001.fastq.gz	/DATA/usr/m.trauernicht/projects/ATAC_TF_reporter_comparison/ATAC_seq_analyses/data/human/7823_3_U2OS_PMA_r2_TCCTGAGC-GCGATCTA_S3_R2_001.fastq.gz
7823	4_U2OS_Heat_r2_GGACTCCT-GCGATCTA_S4	U2OS	Heat	R2	/DATA/usr/m.trauernicht/projects/ATAC_TF_reporter_comparison/ATAC_seq_analyses/data/human/7823_4_U2OS_Heat_r2_GGACTCCT-GCGATCTA_S4_R1_001.fastq.gz	/DATA/usr/m.trauernicht/projects/ATAC_TF_reporter_comparison/ATAC_seq_analyses/data/human/7823_4_U2OS_Heat_r2_GGACTCCT-GCGATCTA_S4_R2_001.fastq.gz
7823	5_U2OS_DMSO_r2_TAGGCATG-GCGATCTA_S5	U2OS	DMSO	R2	/DATA/usr/m.trauernicht/projects/ATAC_TF_reporter_comparison/ATAC_seq_analyses/data/human/7823_5_U2OS_DMSO_r2_TAGGCATG-GCGATCTA_S5_R1_001.fastq.gz	/DATA/usr/m.trauernicht/projects/ATAC_TF_reporter_comparison/ATAC_seq_analyses/data/human/7823_5_U2OS_DMSO_r2_TAGGCATG-GCGATCTA_S5_R2_001.fastq.gz
7823	6_MCF7_Hex_r2_CTCTCTAC-GCGATCTA_S6	MCF7	Hexestrol	R2	/DATA/usr/m.trauernicht/projects/ATAC_TF_reporter_comparison/ATAC_seq_analyses/data/human/7823_6_MCF7_Hex_r2_CTCTCTAC-GCGATCTA_S6_R1_001.fastq.gz	/DATA/usr/m.trauernicht/projects/ATAC_TF_reporter_comparison/ATAC_seq_analyses/data/human/7823_6_MCF7_Hex_r2_CTCTCTAC-GCGATCTA_S6_R2_001.fastq.gz
7823	7_MCF7_DMSO_r2_CAGAGAGG-GCGATCTA_S7	MCF7	DMSO	R2	/DATA/usr/m.trauernicht/projects/ATAC_TF_reporter_comparison/ATAC_seq_analyses/data/human/7823_7_MCF7_DMSO_r2_CAGAGAGG-GCGATCTA_S7_R1_001.fastq.gz	/DATA/usr/m.trauernicht/projects/ATAC_TF_reporter_comparison/ATAC_seq_analyses/data/human/7823_7_MCF7_DMSO_r2_CAGAGAGG-GCGATCTA_S7_R2_001.fastq.gz
7823	8_U2OS_Calcitriol_r3_AGGCAGAA-TCTACTCT_S8	U2OS	Calcitriol	R3	/DATA/usr/m.trauernicht/projects/ATAC_TF_reporter_comparison/ATAC_seq_analyses/data/human/7823_8_U2OS_Calcitriol_r3_AGGCAGAA-TCTACTCT_S8_R1_001.fastq.gz	/DATA/usr/m.trauernicht/projects/ATAC_TF_reporter_comparison/ATAC_seq_analyses/data/human/7823_8_U2OS_Calcitriol_r3_AGGCAGAA-TCTACTCT_S8_R2_001.fastq.gz
7823	9_U2OS_PMA_r3_TCCTGAGC-TCTACTCT_S9	U2OS	PMA	R3	/DATA/usr/m.trauernicht/projects/ATAC_TF_reporter_comparison/ATAC_seq_analyses/data/human/7823_9_U2OS_PMA_r3_TCCTGAGC-TCTACTCT_S9_R1_001.fastq.gz	/DATA/usr/m.trauernicht/projects/ATAC_TF_reporter_comparison/ATAC_seq_analyses/data/human/7823_9_U2OS_PMA_r3_TCCTGAGC-TCTACTCT_S9_R2_001.fastq.gz
7824	17_ATAC_U2OS_DMSO_r1_TAAGGCGA-GCGATCTA_S17	U2OS	DMSO	R1	/DATA/usr/m.trauernicht/projects/ATAC_TF_reporter_comparison/ATAC_seq_analyses/data/human/7824_17_ATAC_U2OS_DMSO_r1_TAAGGCGA-GCGATCTA_S17_R1_001.fastq.gz	/DATA/usr/m.trauernicht/projects/ATAC_TF_reporter_comparison/ATAC_seq_analyses/data/human/7824_17_ATAC_U2OS_DMSO_r1_TAAGGCGA-GCGATCTA_S17_R2_001.fastq.gz
