path;file;gcf;replicate;cell;condition;sample;sample_id;library;stimulation;reference_condition;pDNA;transfection;labguru_experiment;target;effect_size;off_target
/DATA/usr/m.trauernicht/projects/SuRE-TF/data/gcf7785_atac_comp/results/;7785_34_pDNA_E2569_CCGCGGTT-TATCGCAC_S34_barcode_counts.tsv;gcf7785;r1;pDNA;pDNA_E2569;pDNA_E2569_r1;pDNA_E2569_r1_gcf7785;1+2;;;;;;;;
/DATA/usr/m.trauernicht/projects/SuRE-TF/data/gcf7785_atac_comp/results/;7785_10_mES_LIF_PD_r2_TTATAACC-TCGATATC_S10_barcode_counts.tsv;gcf7785;r3;mES;mES_CH;mES_CH_r3;mES_CH_r3_gcf7785;1+2;pathway;mES_2i_LIF;pDNA_E2569_r1_gcf7785;lipofection;E2569;TCF7, TCF7L2;0;
/DATA/usr/m.trauernicht/projects/SuRE-TF/data/gcf7785_atac_comp/results/;7785_9_mES_2i_r2_CCGCGGTT-TCGATATC_S9_barcode_counts.tsv;gcf7785;r3;mES;mES_LIF;mES_LIF_r3;mES_LIF_r3_gcf7785;1+2;pathway;mES_2i_LIF;pDNA_E2569_r1_gcf7785;lipofection;E2569;STAT3, NR5A2, NR1D1, STAT4;0;CLOCK
/DATA/usr/m.trauernicht/projects/SuRE-TF/data/gcf7785_atac_comp/results/;7785_12_mES_2i_LIF_r2_AAGTCCAA-TCGATATC_S12_barcode_counts.tsv;gcf7785;r3;mES;mES_2i_LIF;mES_2i_LIF_r3;mES_2i_LIF_r3_gcf7785;1+2;;;pDNA_E2569_r1_gcf7785;lipofection;E2569;;;
/DATA/usr/m.trauernicht/projects/SuRE-TF/data/gcf7785_atac_comp/results/;7785_11_mES_LIF_CH_r2_GGACTTGG-TCGATATC_S11_barcode_counts.tsv;gcf7785;r3;mES;mES_PD;mES_PD_r3;mES_PD_r3_gcf7785;1+2;pathway;mES_2i_LIF;pDNA_E2569_r1_gcf7785;lipofection;E2569;EGR1, ELK1, FOS::JUN;1;WT1, KLF4, SP1
/DATA/usr/m.trauernicht/projects/SuRE-TF/data/gcf7785_atac_comp/results/;7785_6_U2OS_DMSO_r2_GCTTGTCA-CTAGCGCT_S6_barcode_counts.tsv;gcf7785;r3;U2OS;U2OS_PMA;U2OS_PMA_r3;U2OS_PMA_r3_gcf7785;1+2;pathway;U2OS;pDNA_E2569_r1_gcf7785;lipofection;E2569;NFKB1, REL, FOS::JUN, ATF2;1;
/DATA/usr/m.trauernicht/projects/SuRE-TF/data/gcf7785_atac_comp/results/;7785_2_HEPG2_DMSO_r2_TTATAACC-CTAGCGCT_S2_barcode_counts.tsv;gcf7785;r3;HepG2;HepG2;HepG2_r3;HepG2_r3_gcf7785;1+2;;;pDNA_E2569_r1_gcf7785;lipofection;E2569;;;
/DATA/usr/m.trauernicht/projects/SuRE-TF/data/gcf7785_atac_comp/results/;7785_1_HEPG2_CDCA_r2_CCGCGGTT-CTAGCGCT_S1_barcode_counts.tsv;gcf7785;r3;HepG2;HepG2_CDCA;HepG2_CDCA_r3;HepG2_CDCA_r3_gcf7785;1+2;pathway;HepG2;pDNA_E2569_r1_gcf7785;lipofection;E2569;NR1H4::RXRA;1;NR4A2::RXRA, NR1H2, RARA, RARA:RXRA, RORA, RXRA, NR1I2, THRA, THRB, NR4A1, ESRRB
/DATA/usr/m.trauernicht/projects/SuRE-TF/data/gcf7785_atac_comp/results/;7785_8_MCF7_DMSO_r2_TGGATCGA-CTAGCGCT_S8_barcode_counts.tsv;gcf7785;r3;MCF7;MCF7;MCF7_r3;MCF7_r3_gcf7785;1+2;;;pDNA_E2569_r1_gcf7785;lipofection;E2569;;;
/DATA/usr/m.trauernicht/projects/SuRE-TF/data/gcf7785_atac_comp/results/;7785_15_mES_SOX2_DEG_r2_CAAGCTAG-TCGATATC_S15_barcode_counts.tsv;gcf7785;r3;mES;mES_SOX2_DEG;mES_SOX2_DEG_r3;mES_SOX2_DEG_r3_gcf7785;1+2;degron;mES_SOX2_ctrl;pDNA_E2569_r1_gcf7785;lipofection;E2569;SOX2, POU5F1::SOX2;0;SOX9
/DATA/usr/m.trauernicht/projects/SuRE-TF/data/gcf7785_atac_comp/results/;7785_16_mES_SOX2_ctrl_r2_TGGATCGA-TCGATATC_S16_barcode_counts.tsv;gcf7785;r3;mES;mES_SOX2_ctrl;mES_SOX2_ctrl_r3;mES_SOX2_ctrl_r3_gcf7785;1+2;;;pDNA_E2569_r1_gcf7785;lipofection;E2569;;;
/DATA/usr/m.trauernicht/projects/SuRE-TF/data/gcf7785_atac_comp/results/;7785_13_mES_POU5F1_DEG_r2_ATCCACTG-TCGATATC_S13_barcode_counts.tsv;gcf7785;r3;mES;mES_POU5F1_DEG;mES_POU5F1_DEG_r3;mES_POU5F1_DEG_r3_gcf7785;1+2;degron;mES_POU5F1_ctrl;pDNA_E2569_r1_gcf7785;lipofection;E2569;POU5F1, POU5F1::SOX2;0;POU2F1
/DATA/usr/m.trauernicht/projects/SuRE-TF/data/gcf7785_atac_comp/results/;7785_14_mES_POU5F1_ctrl_r2_GCTTGTCA-TCGATATC_S14_barcode_counts.tsv;gcf7785;r3;mES;mES_POU5F1_ctrl;mES_POU5F1_ctrl_r3;mES_POU5F1_ctrl_r3_gcf7785;1+2;;;pDNA_E2569_r1_gcf7785;lipofection;E2569;;;
/DATA/usr/m.trauernicht/projects/SuRE-TF/data/gcf7785_atac_comp/results/;7785_3_U2OS_Calcitriol_r2_GGACTTGG-CTAGCGCT_S3_barcode_counts.tsv;gcf7785;r3;U2OS;U2OS_Calcitriol;U2OS_Calcitriol_r3;U2OS_Calcitriol_r3_gcf7785;1+2;pathway;U2OS;pDNA_E2569_r1_gcf7785;lipofection;E2569;VDR::RXRA;1;RXRA, NR4A1, NR5A2, NR1I2, NR1I3
/DATA/usr/m.trauernicht/projects/SuRE-TF/data/gcf7785_atac_comp/results/;7785_4_U2OS_PMA_r2_AAGTCCAA-CTAGCGCT_S4_barcode_counts.tsv;gcf7785;r3;U2OS;U2OS;U2OS_r3;U2OS_r3_gcf7785;1+2;;;pDNA_E2569_r1_gcf7785;lipofection;E2569;;;
/DATA/usr/m.trauernicht/projects/SuRE-TF/data/gcf7785_atac_comp/results/;7785_7_MCF7_Hexestrol_r2_CAAGCTAG-CTAGCGCT_S7_barcode_counts.tsv;gcf7785;r3;MCF7;MCF7_Hexestrol;MCF7_Hexestrol_r3;MCF7_Hexestrol_r3_gcf7785;1+2;pathway;MCF7;pDNA_E2569_r1_gcf7785;lipofection;E2569;ESR1;1;RARA, RARA:RXRA, THRA, THRB, RXRA, RORA, NR5A2, NR4A1, PPARA::RXRA, PPARG::RXRA, ESRRB
/DATA/usr/m.trauernicht/projects/SuRE-TF/data/gcf7785_atac_comp/results/;7785_5_U2OS_Heat_r2_ATCCACTG-CTAGCGCT_S5_barcode_counts.tsv;gcf7785;r3;U2OS;U2OS_Heat;U2OS_Heat_r3;U2OS_Heat_r3_gcf7785;1+2;pathway;U2OS;pDNA_E2569_r1_gcf7785;lipofection;E2569;HSF1;1;
/DATA/usr/m.trauernicht/projects/SuRE-TF/data/gcf7785_atac_comp/results/;7785_27_mES_2i_LIF_r1_AAGTCCAA-TACTCATA_S27_barcode_counts.tsv;gcf7785;r2;mES;mES_CH;mES_CH_r2;mES_CH_r2_gcf7785;1+2;pathway;mES_2i_LIF;pDNA_E2569_r1_gcf7785;lipofection;E2569;TCF7, TCF7L2;0;
/DATA/usr/m.trauernicht/projects/SuRE-TF/data/gcf7785_atac_comp/results/;7785_26_mES_LIF_CH_r1_GGACTTGG-TACTCATA_S26_barcode_counts.tsv;gcf7785;r2;mES;mES_LIF;mES_LIF_r2;mES_LIF_r2_gcf7785;1+2;pathway;mES_2i_LIF;pDNA_E2569_r1_gcf7785;lipofection;E2569;STAT3, NR5A2, NR1D1, STAT4;0;CLOCK
/DATA/usr/m.trauernicht/projects/SuRE-TF/data/gcf7785_atac_comp/results/;7785_29_mES_POU5F1_ctrl_r1_GCTTGTCA-TACTCATA_S29_barcode_counts.tsv;gcf7785;r2;mES;mES_2i_LIF;mES_2i_LIF_r2;mES_2i_LIF_r2_gcf7785;1+2;;;pDNA_E2569_r1_gcf7785;lipofection;E2569;;;
/DATA/usr/m.trauernicht/projects/SuRE-TF/data/gcf7785_atac_comp/results/;7785_28_mES_POU5F1_DEG_r1_ATCCACTG-TACTCATA_S28_barcode_counts.tsv;gcf7785;r2;mES;mES_PD;mES_PD_r2;mES_PD_r2_gcf7785;1+2;pathway;mES_2i_LIF;pDNA_E2569_r1_gcf7785;lipofection;E2569;EGR1, ELK1, FOS::JUN;1;WT1, KLF4, SP1
/DATA/usr/m.trauernicht/projects/SuRE-TF/data/gcf7785_atac_comp/results/;7785_23_MCF7_DMSO_r1_TGGATCGA-CGTCTGCG_S23_barcode_counts.tsv;gcf7785;r2;U2OS;U2OS;U2OS_r2;U2OS_r2_gcf7785;1+2;;;pDNA_E2569_r1_gcf7785;lipofection;E2569;;;
/DATA/usr/m.trauernicht/projects/SuRE-TF/data/gcf7785_atac_comp/results/;7785_20_U2OS_Heat_r1_GGACTTGG-CGTCTGCG_S20_barcode_counts.tsv;gcf7785;r2;HepG2;HepG2_CDCA;HepG2_CDCA_r2;HepG2_CDCA_r2_gcf7785;1+2;pathway;HepG2;pDNA_E2569_r1_gcf7785;lipofection;E2569;NR1H4::RXRA;1;NR4A2::RXRA, NR1H2, RARA, RARA:RXRA, RORA, RXRA, NR1I2, THRA, THRB, NR4A1, ESRRB
/DATA/usr/m.trauernicht/projects/SuRE-TF/data/gcf7785_atac_comp/results/;7785_19_U2OS_PMA_r1_AAGTCCAA-CGTCTGCG_S19_barcode_counts.tsv;gcf7785;r2;HepG2;HepG2;HepG2_r2;HepG2_r2_gcf7785;1+2;;;pDNA_E2569_r1_gcf7785;lipofection;E2569;;;
/DATA/usr/m.trauernicht/projects/SuRE-TF/data/gcf7785_atac_comp/results/;7785_25_mES_LIF_PD_r1_TTATAACC-TACTCATA_S25_barcode_counts.tsv;gcf7785;r2;MCF7;MCF7;MCF7_r2;MCF7_r2_gcf7785;1+2;;;pDNA_E2569_r1_gcf7785;lipofection;E2569;;;
/DATA/usr/m.trauernicht/projects/SuRE-TF/data/gcf7785_atac_comp/results/;7785_32_mES_FOXA1-OE_r1_CCGCGGTT-ACGCACCT_S32_barcode_counts.tsv;gcf7785;r2;mES;mES_SOX2_DEG;mES_SOX2_DEG_r2;mES_SOX2_DEG_r2_gcf7785;1+2;degron;mES_SOX2_ctrl;pDNA_E2569_r1_gcf7785;lipofection;E2569;SOX2, POU5F1::SOX2;0;SOX9
/DATA/usr/m.trauernicht/projects/SuRE-TF/data/gcf7785_atac_comp/results/;7785_33_mES_FOXA1-OE_ctrl_r1_TTATAACC-ACGCACCT_S33_barcode_counts.tsv;gcf7785;r2;mES;mES_SOX2_ctrl;mES_SOX2_ctrl_r2;mES_SOX2_ctrl_r2_gcf7785;1+2;;;pDNA_E2569_r1_gcf7785;lipofection;E2569;;;
/DATA/usr/m.trauernicht/projects/SuRE-TF/data/gcf7785_atac_comp/results/;7785_30_mES_SOX2_DEG_r1_CAAGCTAG-TACTCATA_S30_barcode_counts.tsv;gcf7785;r2;mES;mES_POU5F1_DEG;mES_POU5F1_DEG_r2;mES_POU5F1_DEG_r2_gcf7785;1+2;degron;mES_POU5F1_ctrl;pDNA_E2569_r1_gcf7785;lipofection;E2569;POU5F1, POU5F1::SOX2;0;POU2F1
/DATA/usr/m.trauernicht/projects/SuRE-TF/data/gcf7785_atac_comp/results/;7785_31_mES_SOX2_ctrl_r1_TGGATCGA-TACTCATA_S31_barcode_counts.tsv;gcf7785;r2;mES;mES_POU5F1_ctrl;mES_POU5F1_ctrl_r2;mES_POU5F1_ctrl_r2_gcf7785;1+2;;;pDNA_E2569_r1_gcf7785;lipofection;E2569;;;
/DATA/usr/m.trauernicht/projects/SuRE-TF/data/gcf7785_atac_comp/results/;7785_21_U2OS_DMSO_r1_GCTTGTCA-CGTCTGCG_S21_barcode_counts.tsv;gcf7785;r2;U2OS;U2OS_PMA;U2OS_PMA_r2;U2OS_PMA_r2_gcf7785;1+2;pathway;U2OS;pDNA_E2569_r1_gcf7785;lipofection;E2569;NFKB1, REL, FOS::JUN, ATF2;1;
/DATA/usr/m.trauernicht/projects/SuRE-TF/data/gcf7785_atac_comp/results/;7785_24_mES_2i_r1_CCGCGGTT-TACTCATA_S24_barcode_counts.tsv;gcf7785;r2;MCF7;MCF7_Hexestrol;MCF7_Hexestrol_r2;MCF7_Hexestrol_r2_gcf7785;1+2;pathway;MCF7;pDNA_E2569_r1_gcf7785;lipofection;E2569;ESR1;1;RARA, RARA:RXRA, THRA, THRB, RXRA, RORA, NR5A2, NR4A1, PPARA::RXRA, PPARG::RXRA, ESRRB
/DATA/usr/m.trauernicht/projects/SuRE-TF/data/gcf7785_atac_comp/results/;7785_22_MCF7_Hexestrol_r1_CAAGCTAG-CGTCTGCG_S22_barcode_counts.tsv;gcf7785;r2;U2OS;U2OS_Heat;U2OS_Heat_r2;U2OS_Heat_r2_gcf7785;1+2;pathway;U2OS;pDNA_E2569_r1_gcf7785;lipofection;E2569;HSF1;1;
/DATA/usr/m.trauernicht/projects/SuRE-TF/data/gcf7785_atac_comp/results/;7785_17_HEPG2_CDCA_r1_CCGCGGTT-CGTCTGCG_S17_barcode_counts.tsv;gcf7785;r3;mES;mES_FOXA1_OE;mES_FOXA1_OE_r3;mES_FOXA1_OE_r3_gcf7785;1+2;overexpression;mES_FOXA1_ctrl;pDNA_E2569_r1_gcf7785;lipofection;E2569;FOXA1;1;FOXO1
/DATA/usr/m.trauernicht/projects/SuRE-TF/data/gcf7785_atac_comp/results/;7785_18_HEPG2_DMSO_r1_TTATAACC-CGTCTGCG_S18_barcode_counts.tsv;gcf7785;r3;mES;mES_FOXA1_ctrl;mES_FOXA1_ctrl_r3;mES_FOXA1_ctrl_r3_gcf7785;1+2;;;pDNA_E2569_r1_gcf7785;lipofection;E2569;FOXA1;1;FOXO1
/DATA/usr/m.trauernicht/projects/SuRE-TF/data/gcf7824_atac_comp_r1/results/;7824_10_mES_LIF_PD_r1_TTATAACC-TCGATATC_S10_barcode_counts.tsv;gcf7824;r1;mES;mES_CH;mES_CH_r1;mES_CH_r1_gcf7824;1+2;pathway;mES_2i_LIF;pDNA_E2569_r1_gcf7785;lipofection;E2569;TCF7, TCF7L2;0;
/DATA/usr/m.trauernicht/projects/SuRE-TF/data/gcf7824_atac_comp_r1/results/;7824_11_mES_LIF_CH_r1_GGACTTGG-TCGATATC_S11_barcode_counts.tsv;gcf7824;r1;mES;mES_PD;mES_PD_r1;mES_PD_r1_gcf7824;1+2;pathway;mES_2i_LIF;pDNA_E2569_r1_gcf7785;lipofection;E2569;EGR1, ELK1, FOS::JUN;1;WT1, KLF4, SP1
/DATA/usr/m.trauernicht/projects/SuRE-TF/data/gcf7824_atac_comp_r1/results/;7824_12_mES_2i_LIF_r1_AAGTCCAA-TCGATATC_S12_barcode_counts.tsv;gcf7824;r1;mES;mES_2i_LIF;mES_2i_LIF_r1;mES_2i_LIF_r1_gcf7824;1+2;;;pDNA_E2569_r1_gcf7785;lipofection;E2569;;;
/DATA/usr/m.trauernicht/projects/SuRE-TF/data/gcf7824_atac_comp_r1/results/;7824_13_mES_POU5F1_DEG_r1_ATCCACTG-TCGATATC_S13_barcode_counts.tsv;gcf7824;r1;mES;mES_POU5F1_DEG;mES_POU5F1_DEG_r1;mES_POU5F1_DEG_r1_gcf7824;1+2;degron;mES_POU5F1_ctrl;pDNA_E2569_r1_gcf7785;lipofection;E2569;POU5F1, POU5F1::SOX2;0;POU2F1
/DATA/usr/m.trauernicht/projects/SuRE-TF/data/gcf7824_atac_comp_r1/results/;7824_14_mES_POU5F1_ctrl_r1_GCTTGTCA-TCGATATC_S14_barcode_counts.tsv;gcf7824;r1;mES;mES_POU5F1_ctrl;mES_POU5F1_ctrl_r1;mES_POU5F1_ctrl_r1_gcf7824;1+2;;;pDNA_E2569_r1_gcf7785;lipofection;E2569;;;
/DATA/usr/m.trauernicht/projects/SuRE-TF/data/gcf7824_atac_comp_r1/results/;7824_15_mES_SOX2_DEG_r1_CAAGCTAG-TCGATATC_S15_barcode_counts.tsv;gcf7824;r1;mES;mES_SOX2_DEG;mES_SOX2_DEG_r1;mES_SOX2_DEG_r1_gcf7824;1+2;degron;mES_SOX2_ctrl;pDNA_E2569_r1_gcf7785;lipofection;E2569;SOX2, POU5F1::SOX2;0;SOX9
/DATA/usr/m.trauernicht/projects/SuRE-TF/data/gcf7824_atac_comp_r1/results/;7824_16_mES_SOX2_ctrl_r1_TGGATCGA-TCGATATC_S16_barcode_counts.tsv;gcf7824;r1;mES;mES_SOX2_ctrl;mES_SOX2_ctrl_r1;mES_SOX2_ctrl_r1_gcf7824;1+2;;;pDNA_E2569_r1_gcf7785;lipofection;E2569;;;
/DATA/usr/m.trauernicht/projects/SuRE-TF/data/gcf7824_atac_comp_r1/results/;7824_1_HEPG2_CDCA_r1_CCGCGGTT-CTAGCGCT_S1_barcode_counts.tsv;gcf7824;r1;HepG2;HepG2_CDCA;HepG2_CDCA_r1;HepG2_CDCA_r1_gcf7824;1+2;pathway;HepG2;pDNA_E2569_r1_gcf7785;lipofection;E2569;NR1H4::RXRA;1;NR4A2::RXRA, NR1H2, RARA, RARA:RXRA, RORA, RXRA, NR1I2, THRA, THRB, NR4A1, ESRRB
/DATA/usr/m.trauernicht/projects/SuRE-TF/data/gcf7824_atac_comp_r1/results/;7824_2_HEPG2_DMSO_r1_TTATAACC-CTAGCGCT_S2_barcode_counts.tsv;gcf7824;r1;HepG2;HepG2;HepG2_r1;HepG2_r1_gcf7824;1+2;;;pDNA_E2569_r1_gcf7785;lipofection;E2569;;;
/DATA/usr/m.trauernicht/projects/SuRE-TF/data/gcf7824_atac_comp_r1/results/;7824_3_U2OS_Calcitriol_r1_GGACTTGG-CTAGCGCT_S3_barcode_counts.tsv;gcf7824;r1;U2OS;U2OS_Calcitriol;U2OS_Calcitriol_r1;U2OS_Calcitriol_r1_gcf7824;1+2;pathway;U2OS;pDNA_E2569_r1_gcf7785;lipofection;E2569;VDR::RXRA;1;RXRA, NR4A1, NR5A2, NR1I2, NR1I3
/DATA/usr/m.trauernicht/projects/SuRE-TF/data/gcf7824_atac_comp_r1/results/;7824_4_U2OS_PMA_r1_AAGTCCAA-CTAGCGCT_S4_barcode_counts.tsv;gcf7824;r1;U2OS;U2OS_PMA;U2OS_PMA_r1;U2OS_PMA_r1_gcf7824;1+2;pathway;U2OS;pDNA_E2569_r1_gcf7785;lipofection;E2569;NFKB1, REL, FOS::JUN, ATF2;1;
/DATA/usr/m.trauernicht/projects/SuRE-TF/data/gcf7824_atac_comp_r1/results/;7824_5_U2OS_Heat_r1_ATCCACTG-CTAGCGCT_S5_barcode_counts.tsv;gcf7824;r1;U2OS;U2OS_Heat;U2OS_Heat_r1;U2OS_Heat_r1_gcf7824;1+2;pathway;U2OS;pDNA_E2569_r1_gcf7785;lipofection;E2569;HSF1;1;
/DATA/usr/m.trauernicht/projects/SuRE-TF/data/gcf7824_atac_comp_r1/results/;7824_6_U2OS_DMSO_r1_GCTTGTCA-CTAGCGCT_S6_barcode_counts.tsv;gcf7824;r1;U2OS;U2OS;U2OS_r1;U2OS_r1_gcf7824;1+2;;;pDNA_E2569_r1_gcf7785;lipofection;E2569;;;
/DATA/usr/m.trauernicht/projects/SuRE-TF/data/gcf7824_atac_comp_r1/results/;7824_7_MCF7_Hex_r1_CAAGCTAG-CTAGCGCT_S7_barcode_counts.tsv;gcf7824;r1;MCF7;MCF7_Hexestrol;MCF7_Hexestrol_r1;MCF7_Hexestrol_r1_gcf7824;1+2;pathway;MCF7;pDNA_E2569_r1_gcf7785;lipofection;E2569;ESR1;1;RARA, RARA:RXRA, THRA, THRB, RXRA, RORA, NR5A2, NR4A1, PPARA::RXRA, PPARG::RXRA, ESRRB
/DATA/usr/m.trauernicht/projects/SuRE-TF/data/gcf7824_atac_comp_r1/results/;7824_8_MCF7_DMSO_r1_TGGATCGA-CTAGCGCT_S8_barcode_counts.tsv;gcf7824;r1;MCF7;MCF7;MCF7_r1;MCF7_r1_gcf7824;1+2;;;pDNA_E2569_r1_gcf7785;lipofection;E2569;;;
/DATA/usr/m.trauernicht/projects/SuRE-TF/data/gcf7824_atac_comp_r1/results/;7824_9_mES_2i_r1_CCGCGGTT-TCGATATC_S9_barcode_counts.tsv;gcf7824;r1;mES;mES_LIF;mES_LIF_r1;mES_LIF_r1_gcf7824;1+2;pathway;mES_2i_LIF;pDNA_E2569_r1_gcf7785;lipofection;E2569;STAT3, NR5A2, NR1D1, STAT4;0;CLOCK